Nome	Texto	Likes
Marcel	Condecorando bandido. Nada de novo.	9
Tiago de Paula	Bandido √© o Lula que t√° preso.....	0
Alex Porto	Tiago, se vc est√° dizendo que o juiz se juntou ao promotor pra for√ßar a pris√£o de algu√©m, vc est√° dizendo que o juiz cometeu um crime!	14
Marcel	Alex, mas foi pra prender o maior bandido que j√° existiu desde Ad√£o e Eva!	15
Marcel	Lula matou bilh√µes de fome!	12
Marcel	Roibou trilh√µes! Lulinha dono da Havan!! Tem uma Ferrari de ouro!	14
Alex Porto	Marcel Lula matou a √∫ltima ararainha azul	16
Marcel	Foi no governo Lula que criaram o funk proibid√£o e a maconha!!!!	14
Alex Porto	Lula faz xixi e n√£o levanta a tampa	14
Marcel	Lula comprou o Penta de 2002!!	13
Alex Porto	Lula pega pega a √∫ltima banana do cacho e n√£o joga o cabinho fora	13
Alex Porto	Lula bebe √°gua direto do bico da garrafa na geladeira e bota de volta	13
Alex Porto	Lula coloca fralda suja no lixo recicl√°vel	11
Marcel	Lula usa todo o papel higi√™nico e deixa s√≥ o papel√£o no suporte.	13
Marcel	Lula come todas as flores do br√≥colis e deixa s√≥ os talos pros outros.	13
Alex Porto	Lula pega todo o gelo e devolve a forma vazia pro freezer	11
Alex Porto	Lula n√£o passa a bola	0
Marcel	Lula deixa o cachorro cagar na cal√ßada e n√£o limpa. (Ainda fica espiando se algu√©m vai pisar)	0
Alex Porto	Lula pega o beck e n√£o passa pra frente	0
Alex Porto	Lula leva Schin no churrasco e bebe Heineken	0
Marcel	Lula chuta filhotinhos de cachorro na rua.	0
Marcel	Lula ri de quem defende o Moro!	0
Alex Porto	Lula d√° guitarra e bateria de presente pro filho dos amigos	0
Cec√≠lia Petri	Tiago de Paula Lula √© o dono da f√°brica de ado√ßante da Pepsi na Coreia do Norte	0
Rafael Lima	Lula deixa a marca do p√© em cimento fresco	0
Alex Porto	Lula compra Chamito quando o neto pede Yakult	0
Marina Mancinelli	Lula promete que na volta a gente rouba.	0
Cec√≠lia Petri	Foi o Lula que fez a letra de juntos e shallow now	0
Suellen Sato Luna	Lula bota feij√£o sem tempero no pote de sorvete.	0
Rafael Lima	Lula pede um gole do Yakult	10
Bruna Bottan	O Lula empregou milicianos no escrit√≥rio do creme	13
Suellen Sato Luna	Lula baba no beck da galera	12
Marina Mancinelli	Lula come a bandeja toda de degusta√ß√£o no mercado e n√£o compra nada.	14
Cec√≠lia Petri	Lula bola um pastelz√£o de prensado de galho e acende no parque fica todo mundo üëÄ	10
Cec√≠lia Petri	Lula abre iogurte no Carrefour e deixa a embalagem aberta com a metade na prateleira de arroz	10
Suellen Sato Luna	Lula quebra os ovos de P√°scoa no mercado pra comprar mais barato.	12
Cec√≠lia Petri	O Lula leva a JBL pra botar playlist de sertanejo universit√°rio na praia	11
Alex Porto	Lula pergunta se o professor n√£o vai corrigir o dever de casa quando faltam 3 minutos pra bater o sinal	12
Marina Mancinelli	Lula fica parado do lado esquerdo da escada rolante.	13
Suellen Sato Luna	Lula senta ao lado da √∫nica pessoa dentro do √¥nibus.	9
Cec√≠lia Petri	O Lula fica ziguezagueando fazendo story na ciclovia	9
Cec√≠lia Petri	O Lula abre um saco de baconzitos no cinema	10
Suellen Sato Luna	Lula pede carne no a√ßougue do mercado, acha caro e depois larga na prateleira de bolacha	11
Rafael Lima	Lula vai na fila do caixa r√°pido com 11 volumes	11
Cec√≠lia Petri	O Lula pede pra botar cr√©dito no celular no caixa do supermercado	7
Rafael Lima	Lula pede um peda√ßo do Bis	0
Rafael Lima	Lula senta no banco comum quando tem banco preferencial vazio	0
Marina Mancinelli	Lula para em fila dupla pra deixar o Lulinha na escola.	0
Cec√≠lia Petri	E foi a Dilma que fez a lei q determina que: Nunca em hip√≥tese alguma haver√° mais de 1 caixa aberto no Dia%	0
Suellen Sato Luna	Lula n√£o d√° seta	0
Cec√≠lia Petri	O Lula bebe mais que todo mundo e convence a rachar conta	0
Suellen Sato Luna	Lula tr√°s sacola pra levar doce das festas	0
Suellen Sato Luna	Lula toma todo o leite condensado por um furinho min√∫sculo escondido.	0
Marina Mancinelli	Lula corta as unhas do p√© na sala e depois n√£o recolhe os tocos que voaram.	0
Cec√≠lia Petri	Lula espera o farol verde ficar bem amarelo e atravessa no laranja maduro e vc toma a multa	0
Rodrigo Sodr√©	Lula dorme na sua casa e pede cueca emprestada	0
Cec√≠lia Petri	O Lula vai com a namorada do teu lado e fica beijando com barulhinho	0
Marina Mancinelli	Lula fica chupando a carninha presa no meio dos dente em vez de passar o fio dental.	0
Suellen Sato Luna	Lula peida no elevador e ainda reclama do cheiro	0
Bruna Bottan	O Lula fica conversando com o Beck na m√£o e demora pra passar a bola	0
Marina Mancinelli	Lula fala que n√£o fuma mas fica serrando seu cigarro.	0
Rafael Lima	Lula fala que votou no amoedo porque t√° com vergonha	0
Bruna Bottan	O Lula escondeu o Queir√≥z	0
Bruna Bottan	O Lula leva uma garrafa de vinho barato e bebe cerveja	0
Marina Mancinelli	Lula come macarr√£o com arroz.	0
Cec√≠lia Petri	O Lula pede meia marguerita mas come mais da portuguesa	0
Bruna Bottan	O Lula bota farinha na macarronada	0
Cec√≠lia Petri	Foi o Lula que inventou o ketchup na pizza	0
Rafael Lima	Lula n√£o coloca pur√™ de batata no cachorro quente	0
Rafael Lima	Lula roubou meu cora√ß√£o	0
Marina Mancinelli	Quando t√° chovendo, o Lula anda de guarda-chuva embaixo das marquises.	0
Suellen Sato Luna	Lula p√°ra no meio da cal√ßada estreita	0
Bruna Bottan	O Lula para o carro no meio da rua pra pedir informa√ß√£o	0
Suellen Sato Luna	Lula fica travando a faixa da esquerda na rodovia	0
Marina Mancinelli	Lula segura mesa na pra√ßa de alimenta√ß√£o com a faixa presidencial.	0
Bruna Bottan	O Lula para na faixa de pedestre em frente √† escola do Lulinha mas √© rapinho	0
Suellen Sato Luna	Lula n√£o leva bandeija da pra√ßa de alimenta√ß√£o pra dar emprego pra tia da limpeza	11
Cec√≠lia Petri	O Lula tem um Land Rover que te ultrapassa pela direita na curva em U do farol do Hosp.Sao Lu√≠s	9
Suellen Sato Luna	Lula deixa toalha molhada em cima da cama	10
Rafael Lima	Lula estaciona torto e ocupa duas vagas	9
Marina Mancinelli	Lula n√£o recolhe as barbas do ralo do chuveiro.	9
Bruna Bottan	O Lula fala q t√° sem fome mas pede um teco do seu lanche	7
Rodrigo Sodr√©	O lula treina jiu jitsu e peida no tatame	8
Bruna Bottan	O Lula faz xixi na piscina	7
Marina Mancinelli	Lula te convida pra churrasco que na verdade √© reuni√£o da Hinode.	10
Will Je Suis Teixeira	Dizem que o Lula deu a ideia de inser√ß√£o-rel√¢mpago da Jequiti em tudo pro Silvio Santos	8
Suellen Sato Luna	Lula pede um golinho do seu caf√© e assopra.	9
Cec√≠lia Petri	O Lula convida a mina pra sair, fala da ex e ainda pede pra rachar	7
Marina Mancinelli	Lula te chama pros rol√™ s√≥ pela carona.	9
Cec√≠lia Petri	O Lula pede fiado pra voc√™ e faz story comendo no japa	0
Bruna Bottan	O Lula dorme na sua casa e baba no travesseiro	0
Marina Mancinelli	Lula usa Internet Explorer.	0
Marina Mancinelli	Lula faz coc√¥ e n√£o limpa o rastro na porcelana.	0
Rodrigo Sodr√©	O Lula rouba at√© no Banco Imobili√°rio	0
Bruna Bottan	O Lula usa r√°dio Nextel no √¥nibus	0
Will Je Suis Teixeira	Lula prefere Coca a Xeretop	0
Marina Mancinelli	Lula suborna gar√ßom em festa de casamento.	0
Marina Mancinelli	Lula come a caixa toda de bombom e s√≥ deixa Crocante e Caribe.	0
Will Je Suis Teixeira	Lula n√£o facilita o troco	0
Marina Mancinelli	Lula manda √°udio de mais de 2 minutos no WhatsApp.	0
Suellen Sato Luna	Lula bebe no rol√™ e arruma encrenca prozamigos	0
Bruna Bottan	Lula bebe at√© passar mal e vomita no Uber	0
Rafael Lima	Lula sai pro rol√™ e "esquece" a carteira	0
Bruna Bottan	Lula d√° em cima de mulher comprometida e n√£o se liga que ela n√£o t√° afim e qdo o namorado dela chega ele pede desculpas pro cara	0
Will Je Suis Teixeira	Lula atrapalha a passagem dos outros em cal√ßadas estreitas andando lentamente	0
Rafael Lima	Lula faz coco na casa do Pedrinho	0
Will Je Suis Teixeira	Lula deu spoilers de Vingadores: Ultimato logo depois da pr√© estreia	0
Marina Mancinelli	Lula para no meio da escada do metr√¥ pra olhar o celular.	0
Suellen Sato Luna	Lula que ajudou a escrever o final de GoT	0
Will Je Suis Teixeira	Lula torcia pra Cersei Lannister	0
Rafael Lima	Lula anda com patinete motorizado na cal√ßada	0
Rodrigo Sodr√©	O lula estaciona na vaga do idoso	0
Suellen Sato Luna	E o final de Lost tbm	0
Bruna Bottan	Lula sai com a namorada de camiseta de time e Crocs	0
Rafael Lima	Lula n√£o passa desodorante e fica com os bra√ßos pra cima no √¥nibus	0
Bruna Bottan	Lula aceita qdo vc oferece um peda√ßo do sorvete	0
Marina Mancinelli	Lula usa toques polif√¥nicos no celular.	0
Rafael Lima	Lula matou Odete Roitman	0
Bruna Bottan	Lula fica conversando durante o show	0
Rafael Lima	Lula arrancou o nariz da esfinge	0
Will Je Suis Teixeira	Lula n√£o atendeu a liga√ß√£o do Keanu Reeves	0
Marina Mancinelli	Lula corre atr√°s do bus√£o errado e depois se faz de desentendido.	0
Rafael Lima	Lula toca campainha e sai correndo	0
Rodrigo Sodr√©	Lula coloca ketchup na pizza	0
Will Je Suis Teixeira	Lula fica parado na porta do √¥nibus, mas s√≥ vai descer no ponto final	0
Marina Mancinelli	Lula te adiciona em grupo do Whatsapp sem te perguntar primeiro.	11
Rafael Lima	Lula chuta a bola no port√£o dos vizinhos	8
Rafael Lima	Lula marca voc√™ e outras 44 pessoas em fake news	12
Bruna Bottan	Lula fica loc√£o de gor√≥ e quer conversar de pertinho e fica soltando perdigotos e mini arrotinhos na sua cara	9
Bruna Bottan	Lula adora passar pano pros cremes que os par√ßa dele comete	7
Will Je Suis Teixeira	Lula canta √† toda voz "juntos e shallow now"	6
Marina Mancinelli	Lula solta roj√£o.	6
Will Je Suis Teixeira	Lula n√£o conversa com os catioros	8
Marina Mancinelli	Pior ainda, Lula n√£o faz voz de crian√ßa quando conversa com os catioro. Monstro. :(	8
Suellen Sato Luna	Lula tira o pote de √°gua e ra√ß√£o que os vizinhos p√µem pros tot√≥s de rua	9
Will Je Suis Teixeira	Lula torce pra Argentina	5
Samuel Grave Silva	Lula que falou pro Cabral virar pra esquerda no Atl√¢ntico!	6
Ana Carolina Ferreira	Lula cata todos os tomates secos da salada no buffet	9
Samuel Grave Silva	Ana Carolina Ferreira ent√£o dever√≠amos agradecer o Lula, n√©? XD	4
Marina Mancinelli	Lula canta "trocando de biquini sem parar" em Noite do Prazer.	7
Suellen Sato Luna	Lula n√£o gosta de batata frita	7
Suellen Sato Luna	E, Lula que fez o Glenn morrer em TWD	4
Marina Mancinelli	Lula palita os dentes na mesa.	0
Ana Carolina Ferreira	Lula para em cima da faixa de pedestres no sinal	0
Suellen Sato Luna	Lula n√£o chama o gar√ßom de doutor	0
Marina Mancinelli	Lula aperta todos os bot√µes do elevador e bate as portas corta-fogo de madrugada.	0
Ana Carolina Ferreira	Lula faz reforma no triplex domingo √† noite	0
Rafael Lima	Lula rouba fruta no quintal do vizinho	0
Suellen Sato Luna	Lula faz faxina no ap de madrugada.	0
Rafael Lima	Lula varre a sujeira pra debaixo do tapete literalmente	0
Suellen Sato Luna	Lula vai no posto de gasolina e pergunta pro frentista se √© bom passar o dia pegando na mangueira...	0
Will Je Suis Teixeira	Lula rouba no truco	0
Luna Za	Essa burrice √© natural ou vc fez curso?	0
Bruna Bottan	Lula usa regata sem aparar os pelos da subaca	0
Marina Mancinelli	Lula enche os bolso de balinha cortesia na sa√≠da do quilinho.	0
Ana Carolina Ferreira	Lula faz streaming de Fortnite	0
Suellen Sato Luna	Lula manda florzinha de bom dia no zap zap	0
Bruna Bottan	Lula come s√≥ a carne do Yakisoba	0
Suellen Sato Luna	Lula vai no japon√™s e pede sushi de queijo e presunto e de Nutella	0
Ana Carolina Ferreira	Lula inventou aquele panfleto de igreja que parece dinheiro no ch√£o	0
Will Je Suis Teixeira	Lula n√£o chorou em Pok√©mon: O Filme	0
Fanny Bed√™ De Andrade	Lula t√° pagando todo mundo pra comentar aqui kkkk	0
Marina Mancinelli	Lula tem um pincher.	0
Fanny Bed√™ De Andrade	Melhores comentarios da vida kkkkk	0
Rafael Lima	Lula era chefe do Thanos	0
Rafael Lima	Lula escreveu o roteiro dos filmes da DC	0
Will Je Suis Teixeira	Lula quem criou de verdade a Liga dos Ex-Namorados pra combater o Scott Pilgrim	0
Rafael Lima	Lula √© o pai do latino	0
Suellen Sato Luna	Lula acabou o Orkut	0
Suellen Sato Luna	E o MSN	0
Will Je Suis Teixeira	Lula acabou com o MSN	0
Fanny Bed√™ De Andrade	Rafael Lima kkkkkkkkkk	0
Marina Mancinelli	Lula vai na Sephora e fica mendigando amostrinha.	0
Rafael Lima	Lula t√° acabando com a bateria do meu celular e ainda t√¥ longe de casa	0
Ana Carolina Ferreira	Lula rouba uma meia de cada par da gente, por causa do comunismo	0
Marina Mancinelli	Lula vai na MAC, faz uma make babado fingindo que t√° interessado mas n√£o compra nada.	9
Will Je Suis Teixeira	Lula √© um reptiliano	7
Suellen Sato Luna	Lula chama os buffet pra fazer degusta√ß√£o e n√£o contrata ningu√©m	7
Will Je Suis Teixeira	Lula sabe falar Cthulhu perfeitamente	4
Marina Mancinelli	Will Je Suis Teixeira, isso √© fato. Hahahahaha	3
Ana Carolina Ferreira	Lula puxa Los Hermanos no luau	9
Marina Mancinelli	Lula fala que √© fot√≥grafo s√≥ pq tem uma Canon Rebel e fica tentando convencer as mina a fazer um ensaio sensual com ele.	10
Rafael Lima	Lula escondeu as fotos que provam que a terra √© plana	8
Rafael Lima	Poderoso chef√£o √© baseado na hist√≥ria do Lula	3
Ana Carolina Ferreira	Lula n√£o tem d√≥ de levantar quando tem um gatinho dormindo no colo	7
Loren Claire	N√£o senhor, √© preso pol√≠tico que diz, anormal.	2
Marina Mancinelli	Lula apara os pelos do nariz com a tesoura da cozinha.	8
Will Je Suis Teixeira	Lula s√≥ manda um presente por m√™s no Pok√©monGO	8
Fanny Bed√™ De Andrade	Sabe o curr√≠culo que vc deixa e ningu√©m te chama? O Lula rasga.	10
Suellen Sato Luna	Lula toma o doce das quian√ßas üò¢	5
Suellen Sato Luna	Lula manda solicita√ß√£o no candy crush o dia todo.	10
Rafael Lima	Lula leva o dente que as crian√ßas deixam embaixo do travesseiro e n√£o deixa moeda	7
Edgard Paiva	Eu j√° vi o Lula colocando a pizza sadia na caixa da pif paf pra pagar mais barato no supermercado	0
Marcel	S√≥ voltei pra falar que o Lula √© amigo do Neymar e do Eduardo Costa.	0
Fanny Bed√™ De Andrade	Lula come todas as jujubas e deixa s√≥ as verdes	0
Suellen Sato Luna	Edgard Paiva sim, ele p√µe Cantina da Serra nas garrafas de vinho tbm	0
Alessandra Magalh√£es Benetti √í≈üun L'ade	Eu quero morar nesse post	0
Rafael Lima	Fanny Bed√™ De Andrade se foi pra mim que ele deixou tudo bem	0
Rafael Lima	Lula vai na casa do amigo todo dia na hora da janta, mas √© s√≥ coincid√™ncia	0
Fanny Bed√™ De Andrade	Rafael Lima ele fez isso comigo ontem kkkkk.	0
Marina Mancinelli	Lula pede pra comprar fiado pra tia do Icegurt.	0
Lucas Luke	Lula sempre esquece a carteira em casa quando sai pros roles.	0
Fanny Bed√™ De Andrade	Marina Mancinelli ele pede fiado pouco antes de se mudar.	0
Lucas Luke	Lula morde Kit Kat no meio.	0
Rafael Lima	Lula denuncia os ambulantes do metr√¥	0
Suellen Sato Luna	Lula co√ßa as costas com o pegador de arroz.	0
Lucas Luke	O Lula fala pros netos dele que na volta ele compra.	0
Fanny Bed√™ De Andrade	Lula n√£o lava as m√£os depois do xixi	0
Rafael Lima	Lula recebe 10 milh√µes por m√™s de aux√≠lio reclus√£o	0
Jhen Nifer	MANO, EU AMO VOC√äS!	0
Fabio Charles da Silva	Lula peida embaixo do len√ßol	0
Fabio Charles da Silva	Lula tratou Tiago de Paula como gente	0
Rafael Lima	Fabio Charles da Silva e empurra a namorada pra baixo	0
Fabio Charles da Silva	Rafael Lima abra√ßando_a	0
Thiago Homero	Lula empresta o barbeador que vc passa na cara pra aparar os pelo do saco.	0
Fabio Charles da Silva	Lula usa coque samurai	0
Marina Mancinelli	Fabio Charles da Silva, peida embaixo do len√ßol e depois ainda cobre a cremosa!	0
Fabio Charles da Silva	Lula tira foto segurando piaba	0
Thiago Homero	Fala que vai fazer fio terra com o dedo cotoco mas na hora coloca o dedo normal	0
Daniel Alves	Lula vai na loja, experimenta todas as roupas e n√£o compra nenhuma	0
Suellen Sato Luna	Lula ensina os filhos da gente a mostrar o dedo do meio.	0
Daniel Alves	Lula faz a piada do pav√™ todo Natal e ainda ri sozinho	0
Daniel Alves	Lula coloca o feij√£o por baixo do arroz	0
Thiago Homero	Pede um gole da sua bebida e quando devolve fica aquele fio entre a boca dele e o copo.	0
Suellen Sato Luna	Lula liga pra gente as 7 da manh√£ pra vender plano funer√°rio	0
Rafael Lima	Lula bloqueia sua internet quando ela alcan√ßa 100% do pacote	7
Daniel Alves	Lula n√£o fala a l√≠ngua dos memes	3
Marina Mancinelli	Lula pede seu CPF pra por na nota e faz o cart√£o da Marisa sem voc√™ pedir.	9
Rafael Lima	Lula p√µe uva passa em tudo	7
Suellen Sato Luna	Lula n√£o cozinha e reclama da comida.	6
Fabio Charles da Silva	Lula n√£o lava o pau	6
Fabio Charles da Silva	Lula n√£o tem pau	5
Rafael Lima	Suellen Sato Luna √© uma indireta porque eu trouxe a cuest√£o da uva passa? Hahaha	3
Rafael Lima	Fabio Charles da Silva n√£o tem mais porque n√£o lavou	3
Alex Porto	Lula faz xixi de porta aberta na casa da sogra	4
Thiago Homero	Lula estuda medicina na faculdade de Medicina na cidade da Medicina.	7
Anna Duzzi	Lula puxa assunto no bus√£o mesmo vendo que vc t√° com fone de ouvido	7
Jhen Nifer	Lula leva Glacial e bebe a Heineken da galera no churrasco.	4
Alex Porto	Jhen Nifer repetida !	4
Marina Mancinelli	Lula toma o Toddyinho das crian√ßa e depois mete o loco.	7
Anna Duzzi	Lula pisa no coc√¥ e entra na sua casa sem limpar o sapato	7
Suellen Sato Luna	Rafael Lima n√£o, √© pro Lula	1
Daniel Alves	Lula rouba goiaba no p√© do vizinho e finge que Jesus n√£o t√° vendo	0
Fabio Charles da Silva	Lula aparece na sua casa quando vc diz: v√™ se aparece	0
Jhen Nifer	Alex Porto n√£o consegui ler tudo, √© muita coisa. Vou apagar. Hauahauahuahaua	0
Rafael Lima	Daniel Alves ele se fudeu nessa, jesus da goiabeira viu	0
Anna Duzzi	Lula pede um peda√ßo da sua coxinha e come todo o recheio	0
Alessandra Magalh√£es Benetti √í≈üun L'ade	Lula diz que sopa n√£o √© janta sem nunca ter entrado numa cozinha	0
Suellen Sato Luna	Alex Porto d√° um desconto pq essa √© boa, vai...	0
Jhen Nifer	Lula rouba pastel da senhora da cantina da escola	0
Fabio Charles da Silva	Lula √© f√£ de Carlinhos Maia	0
Anna Duzzi	Lula aperta todos os bot√µes no elevador	0
Jhen Nifer	Lula deita de sapato na cama	0
Bruna Bottan	Lula passa fio dental e larga o fio usado em cima da pia	0
Alessandra Magalh√£es Benetti √í≈üun L'ade	Lula inventou o coach	0
Marina Mancinelli	Lula acorda os vizinhos com m√∫sica gospel no domingo de manh√£.	0
Thiago Homero	Lula acumula aquela babinha branca no canto da boca e continua falando com vc por horas sem perceber.	0
Alex Porto	Lula coloca maionese Quero no pote vazio de Hellmann's	0
Fabio Charles da Silva	Lula tem um MEI e acha que CEO.	0
Bruna Bottan	Lula usa a palavra "literalmente" de forma errada	0
Jhen Nifer	Lula rouba as balinhas que a galera deixa na janela do carro no sinal	0
Fabio Charles da Silva	Lula vai na Vila Mad√°	0
Cec√≠lia Petri	O Lula ligava quando eu faltava pra dizer que eu perdi o melhor dia	0
Jhen Nifer	Lula joga cabelo e fio dental da janela, bem na √°rea privativa do vizinho	0
Thiago Homero	Lula da descarga com a tampa levantada quando a sua escova t√° na pia.	0
Bruna Bottan	Lula perguntava pra professora se ela n√£o ia dar tarefa pra casa	0
Will Je Suis Teixeira	Lula invoca Beetlejuice s√≥ de zuas	0
Anna Duzzi	Lula d√° 3 cuecas no amigo oculto	0
Daniel Alves	Lula √© sempre quem mais se empolga no VAM MARC√Å?, mas se algu√©m marca, nunca aparece	0
Suellen Sato Luna	Lula vai fazer o Tiago pensar umas 300 vezes antes de comentar merda nos posts do Rodrigo Sodr√©	0
Lucas Luke	Lula da meia de presente pras crian√ßas.	0
Anna Duzzi	Lula liga pra sua casa 6h da manh√£, pergunta se te acordou e quando vc diz que sim ele fala ‚Äúah, ent√£o pode deixar‚Äù, e desliga.	0
Cec√≠lia Petri	O Lula inventou o kinder ovo	0
Fabio Charles da Silva	Lula chama muscula√ß√£o de treino	0
Cec√≠lia Petri	O Lula fala que √© muito t√≥pi meo	0
Alessandra Magalh√£es Benetti √í≈üun L'ade	Lula trouxe o food truck de Pernambuco pra S√£o Paulo em 1956	4
Marina Mancinelli	Lula tosse em cima do buffet do quilinho.	6
Lucas Luke	Lula visita voc√™ no domingo de manh√£ junto com as testemunhas de Jeov√°	4
Thiago Homero	Lula fala que adora macarr√£o e fala alto pq √© descendentes de italiano	8
Fabio Charles da Silva	Lula votou no Doria	6
Cec√≠lia Petri	Lula fala que o M√°rio Covas era um santo e que os filhos estudaram com o Bruno no Bandeirantes	2
Marina Mancinelli	Lula tenta te adicionar sem mandar scrap.	6
Suellen Sato Luna	Lula fica chamando churrasco de salada de carne, s√≥ pra encher o saco dos veganos üò¢	3
Rafael Lima	Lula usa o aux√≠lio moradia pra comer gente	6
Marina Mancinelli	Lula pergunta "mas nem peixe?" pra todos os vegetarianos.	9
Daniel Alves	Lula criou a ind√∫stria da multa	5
Cec√≠lia Petri	Lula fala que tem preconceito mas	3
Lucas Luke	Lula peida e coloca a culpa nos outros.	3
Will Je Suis Teixeira	Lula √© otaku	8
Cec√≠lia Petri	Lula fala: nem todo homem	4
Cec√≠lia Petri	Lula se diz feministo quando lava o pr√≥prio copo	7
Rafael Lima	Lula morde a Tortuguita de qualquer jeito	5
Lucas Luke	Lula acorda cedo e toma bullet proof coffee	9
Rafael Lima	Lula da Caixa de bombom da arcor no amigo chocolate	0
Anna Duzzi	Lula cola papelzinho escrito ‚Äúme chute‚Äù nas costas das pessoas	0
Thiago Homero	Lula nomeou o grupo da fam√≠lia de "a grande fam√≠lia," ou "fam√≠lia busca p√©"	0
Lucas Luke	Lula fez o curso: Mestres do capitalismo do Nando Moura	0
Cec√≠lia Petri	Lula usa √≥leo de coco pra untar a frigideira e fica tudo com gosto de bronzeador	0
Aline Benetti Magalh√£es	Lula n√£o tira a mochila das costas quando entra no √¥nibus e ainda fica no corredor	0
Bruna Bottan	Lula fala "nem todo homem" qdo as mulheres falam mal de homem	0
Daniel Alves	Lula pede o n√∫mero dos parente pra colocar no grupo da fam√≠lia	0
Lucas Luke	O Lula gostou do final de Game of Thrones	0
Cec√≠lia Petri	Lula manda porn√¥ no grupo errado	0
Daniel Alves	Lula fala que no tempo dele que era bom (e com raz√£o)	0
Lucas Luke	Cec√≠lia Petri Lula √© o cara que manda o gemidao do WhatsApp	0
Fabio Charles da Silva	Lula √© √≠talo paulista	0
Jhen Nifer	Lula n√£o levanta no bus√£o quando entra uma mulher gr√°vida e n√£o tem mais lugar	0
Lucas Luke	Lula fica comparando Friends com How I Met Your Mother	0
Marina Mancinelli	Jhen Nifer, Lula finge que t√° dormindo pra n√£o ceder o assento preferencial.	0
Aline Benetti Magalh√£es	Lula deixa pra pegar o bilhete √∫nico s√≥ qnd j√° t√° na catraca.	0
Daniel Alves	Lula finge que t√° dormindo pra n√£o ter que levantar do banco do idoso	0
Bruna Bottan	Lula fala que vai soletrar o nome dele sen√£o vc n√£o vai saber escrever	0
Jhen Nifer	Lula entra de sapato sujo em casa quando c√™ t√° limpando e o ch√£o ainda t√° molhado	0
Lucas Luke	Lula fala que na √©poca de ditadura n√£o existiam crimes.	0
Anna Duzzi	Lula coloca copo sujo de Nescau na pia no momento em que vc acabou de lavar toda a lou√ßa	0
Daniel Alves	Lula para o carro em cima da faixa de pedestres quando o sinal fecha	0
Fabio Charles da Silva	Lula acha Naruto melhor que dbz	0
Jhen Nifer	Lula √© o motorista do bus√£o que passa direto, mesmo c√™ dando sinal freneticamente	0
Fabio Charles da Silva	Lula pede foto de agora	0
Anna Duzzi	Lula fica falando alto no cinema que o livro √© muito melhor	0
Cec√≠lia Petri	Lula fala que tb t√° tirando a nacionalidade portuguesa	0
Marina Mancinelli	Lula pede que preparem um lanche s√≥ pra ele no McDonald's em vez de s√≥ tirar o picles.	0
Bruna Bottan	Lula fala que o problema √© o rombo que foi deixado pela administra√ß√£o anterior	0
Daniel Alves	Lula faz barulho quando toma sopa ~slurp~	0
Lucas Luke	Lula coloca Nutella em tudo e chama de gourmet	0
Bruna Bottan	Lula n√£o gosta de Chaves	8
Lucas Luke	Daniel Alves mas esse √© o √∫nico jeito de tomar sopa hahahahahahahaha	3
Rafael Lima	Bruna Bottan nem a Nat√°lia	3
Cec√≠lia Petri	Lula votou no Bolsonaro e diz q pensa em morar no Canad√°	6
Bruna Bottan	Cec√≠lia Petri mas fala q votou no Amoedo	3
Lucas Luke	Lula fecha o cruzamento e para em fila dupla.	2
Jhen Nifer	Lula n√£o d√° passagem quando o SAMU t√° tentando passar	6
Daniel Alves	Lula pega beb√™ dos outros emprestado pra furar fila	7
Jhen Nifer	Lula n√£o deixa a esquerda livre na escada	4
Cec√≠lia Petri	Lucas Luke Lula manda foto do pau inbox pra desconhecidas pelo snapchat ü§£	5
Anna Duzzi	Lula inventou o conceito de protesto a favor	7
Daniel Alves	Lula agita protesto de domingo (que √© pra evitar baderna)	5
Aline Benetti Magalh√£es	Lula vai em show e fica com o celular pra cima gravando tudo bem na frente dos outros	7
Thiago Homero	Lula fala pro instrutor da academia que n√£o que ficar gigant√£o, √© s√≥ pra definir.	8
Rafael Lima	Lula quando t√° registrando a compra no caixa lembra que esqueceu um produto do outro lado do mercado e sai pra buscar	9
Daniel Alves	Thiago Homero enquanto segura um peso de dois kilos	4
Lucas Luke	Lula faz sexo com homens mas s√≥ na broderagem	5
Anna Duzzi	Lula usa abad√° como se fosse roupa normal	0
Rafael Lima	Lula deixou o juiz nu	0
Cec√≠lia Petri	Daniel Alves porque n√£o quer ficar muito forteü§£	0
Daniel Alves	Lula usa regatinha mostrando o mamilo e geme alto na academia	0
Marina Mancinelli	Lula d√° s√≥ um toque no celular pra voc√™ ligar de volta e ele n√£o gastar os cr√©ditos.	0
Thiago Homero	Come√ßa a fazer academia e fala q t√° fazendo s√≥ por sa√∫de	0
Alex Porto	Lula coloca o lulinha pra guardar a outra fila do supermercado depois entra na sua frente com 2 carrinhos cheios	0
Lucas Luke	Toda vez que algu√©m fala algo bom sobre o Brasil o Lula fala: mas l√° em d√£√£√£blin.....	0
Cec√≠lia Petri	Lula faz crossfit	0
Suellen Sato Luna	Lula tr√°s 35 desconhecidos pra festa.	0
Alex Porto	Lula qdo viaja pro exterior fica entrando em tudo quanto √© post do Facebook s√≥ pra falar "Ah, aqui na Europa √© diferente"	0
Thiago Homero	Lula fala q vc n√£o foi realmente a nova York se vc n√£o passou naquele restaurante japon√™s escondido no Brooklyn	0
Alex Porto	Lula pega o mict√≥rio ao lado do seu qdo o banheiro est√° vazio	0
Rafael Lima	Lula se tornou o criminoso mais procurado do mundo por causa de um triplex	0
Marina Mancinelli	Lula posta toda quinta um #tbt da √∫nica viagem internacional que fez na vida.	0
Cec√≠lia Petri	Lula fala job	0
Lucas Luke	Alex Porto Lula vai no mict√≥rio do meio quando tem s√≥ tr√™s.	0
Daniel Alves	Lula fica uma semana no exterior e volta falando ingl√™s (√© por causa da imers√£o, meoo)	0
Loren Claire	Lula tem a m√£o amarela.	0
Suellen Sato Luna	Lula limpa o nariz daquele jeito que alguns homens fazem, tapam uma narina e "sopram" com a outra, em p√∫blico	0
Rafael Lima	Lula mora em um coliving	0
Daniel Alves	Lula viaja pra Argentina e reclama de jetlag	0
Lucas Luke	Rafael Lima e trabalha num co-work	0
Daniel Alves	Lula chama cumbuca de bowl	0
Marina Mancinelli	Lula usa mocassim com meia.	0
Loren Claire	Fiz isso hoje no carro e me lembrei desse heroi barbudo.	0
Loren Claire	Lula √© adepto da moda sueca.	0
Cec√≠lia Petri	Rafael Lima mora no coliving, trabalha no coworking, come racionado fit e tem medo do comunismo	0
Marina Mancinelli	Lula pede a senha da Netflix emprestada e desconfigura todo seu perfil.	0
Lucas Luke	Lula coloca a√ß√∫car junto com o Nescau no leite.	0
Loren Claire	Lula √© vegan <3	0
Thiago Homero	Lula pede pra vc tocar quando ele percebe um caro√ßo no pr√≥prio corpo.	0
Anna Duzzi	Lula come todo o chocolate do sorvete napolitano.	0
Daniel Alves	Lula √© triplo diamante Hinode	11
Lucas Luke	Lula guarda feij√£o no pote de sorvete no congelador.	4
Rafael Lima	Lula come todo o sorvete e deixa o pote vazio no freezer	5
Anna Duzzi	Daniel Alves Lula tem o carro rosa da Mary Kay	5
Marina Mancinelli	Repetida, Lucas Luke! Strike 2! hahahaha	6
Lucas Luke	Lula ficou rico com Telexfree	6
Rafael Lima	Lula fala que vai sortear um iPhone se voc√™ comprar Herbalife	4
Loren Claire	Lula joga bocha.	3
Daniel Alves	Lula toma shake da Herbalife	3
Daniel Alves	Lula come lanche do Bob's	4
Marina Mancinelli	Lula fica pedindo pro filho da vizinha "dar uma olhadinha no computador dele".	4
Lucas Luke	Daniel Alves poxa, quando t√¥ sem grana como no Bob's tbm por causa dos cupons... Hahahhahahahaha	3
Will Je Suis Teixeira	Lula planeja virar youtuber unboxer	4
Anna Duzzi	Lula fica querendo botar pre√ßo no trabalho dos outros	4
B√°rbara Bigosinski	Lula usa conjuntinho com estampa tropical	6
Loren Claire	Lula toma suco detox	5
Daniel Alves	Lula v√™ porn√¥ de 9inha no tablet da fam√≠lia e ainda esquece de fechar a aba	6
Rafael Lima	Lucas Luke mas a√≠ √© demais, nunca vi ningu√©m entrando no Bob's	4
Marina Mancinelli	Lula fica mendigando mimos em troca de divulga√ß√£o no insta.	0
Loren Claire	Lula compra playboy para ler as entrevistas.	0
Daniel Alves	Lucas Luke t√° dif√≠cil! J√° levou dois strikes... ainda isso	0
Rafael Lima	Lula pede pra tirar o picles do lanche	0
Daniel Alves	Rafael Lima poxa, eu pe√ßo :(	0
Lucas Luke	Rafael Lima vem pra BH que vc vai ver eu e a Jhen Nifer ca√ßando os cupons de promo√ß√£o no fim do m√™s! Hahhahahahahahaha	0
Lucas Luke	Daniel Alves poxa! Tirar o picles??? Hahahahahahahah	0
Thiago Homero	Lula fala com sotaque americano carregado quando precisa falar uma palavra em ingl√™s.	0
Daniel Alves	Lula n√£o lava a bunda por motivos de N√ÉO VOU RECEBER VISITA HEHE	0
Rafael Lima	Daniel voc√™ √© t√£o criminoso quanto o Lula	0
Daniel Alves	Rafael Lima mas √© o Lucas Luke que come no Bobs!	0
Rafael Lima	Daniel Alves tirar o picles √© pior	0
Bruna Bottan	Gente quem √© o Will Je Suis Teixeira!? ü§£ü§£ü§£	0
Will Je Suis Teixeira	Lula √© Illuminati	0
Lucas Luke	Daniel Alves mas vc pede pra tirar o picles! Hahahahahhash	0
Marina Mancinelli	Bruna Bottan, √© meu convidado! hahaha	0
Daniel Alves	Lucas Luke pelo menos n√£o √© o picles do Bobs kkkkkk	0
Will Je Suis Teixeira	Bruna Bottan sou um ser das trevas	0
Marina Mancinelli	Lula fica tentando oferecer troca nos an√∫ncios de venda da OLX.	0
Rafael Lima	Lula n√£o roubou minha bateria r√°pido o suficiente e vou poder continuar contribuindo	0
Lucas Luke	Daniel Alves at√© o Lula come no Bob's cara! L√° √© topperson! Hahahhahahaha	0
Bruna Bottan	Lula fala que √© muito dificiu se patraum no brasiu	0
Daniel Alves	Lula finaliza r√°pido demais e bota a culpa na mina (gostosa d+ slc)	0
Lucas Luke	Lula assiste o canal do boi.	0
Thiago Homero	Lula abriu uma barbearia e s√≥ sabe fazer corte undercut degrade em todo mundo	0
Jhen Nifer	Eu tamb√©m pe√ßo pra tirar o picles...	0
Alessandra Magalh√£es Benetti √í≈üun L'ade	Lula inventou o funk e agora fica reclamando que toca Mc Pocahontas nas festas Juninas	0
Daniel Alves	Thiago Homero e cobra 70 pila no corte porque tem cerveja artesanal	0
B√°rbara Bigosinski	Lula aceita um pedacinho do Bis	0
Daniel Alves	Lucas Luke xiiii olha a crise no relacionamento ...	0
Rafael Lima	Jhen Nifer AH N√ÉO	0
Lucas Luke	Daniel Alves j√° superei esse defeito... Hoje eu como o picles dela. Hahahahhahaha	5
Jhen Nifer	Ou dou meu picles pro Lucas.	0
Jhen Nifer	MANO, SINTONIA DE PIADA RUIM! HAUAHUAHAUA	6
Edgard Paiva	Lucas Luke Jhen NiferHAHAHHAHAH	4
Thiago Homero	Isso √© uma nova g√≠ria pra sexo? "hj vou comer o picles"	5
Rafael Lima	Thiago Homero passou a ser	2
Bruna Bottan	Lula pergunta pra Juliana Robim se a crian√ßa n√£o vai ficar com a perna torta por causa do sling	4
Alessandra Magalh√£es Benetti √í≈üun L'ade	Lula marca o primeiro hor√°rio da manicure, chega 40 minutos atrasado e gera um efeito cascata fazendo a √∫ltima cliente que seris atendida as 18hs fazer a unha de porcelana as 21hs	6
Rafael Lima	Jhen Nifer j√° ia falar que voc√™ cometeu duas falhas graves, Bob's e tirar o picles, por√©m, voc√™ inventou um novo trocadilho, t√° perdoada	2
Anna Duzzi	Lula usa MBL como fonte	3
B√°rbara Bigosinski	Lula √© o tioz√£o que assiste Silvio Santos	4
Alessandra Magalh√£es Benetti √í≈üun L'ade	Lula pergunta pra m√£e solo com quem ela deixou o filho quando encontra ela na balada	8
B√°rbara Bigosinski	Anna Duzzi Ele usa fonte TDK	3
Daniel Alves	Lula assiste a Pra√ßa √© nossa e ri mais alto que Cazalb√©	5
Bruna Bottan	Lula briga com a secret√°ria do m√©dico pq o doutor t√° atrasado mas √© todo mansinho com o dot√¥	5
Cec√≠lia Petri	Lula fala gritando igual ao M√°rcio Canuto	7
Juliana Robim	Bruna Bottan kkkkkkkkkkkkkkkkk to chorandoooo com os coment√°rios n√≠vel Lula ri e faz xixi nas car√ßas	0
Rafael Lima	LULA USA CAPSLOKO QUANDO TA PUTO	0
B√°rbara Bigosinski	Lula joga lixo no ch√£o pra dar servi√ßo pro gari, mas nao quer dar servi√ßo pro coveiro	0
Jhen Nifer	Rafael Lima obrigada. Hauahauahauhauauaua	0
Jhen Nifer	Lula n√£o responde quando √© marcado em memes	0
Cec√≠lia Petri	Lula tem intoler√¢ncia ao gl√∫ten	0
Lucas Luke	Jhen Nifer isso foi indireta, √©? Hahahhahahaha	0
Marina Mancinelli	Lula fica mandando dubsmash no zap zap	0
Cec√≠lia Petri	Lula visualiza e n√£o responde	0
Alessandra Magalh√£es Benetti √í≈üun L'ade	Lula recrimina quem quebra vidra√ßa de banco e diz: Pra que tanta viol√™ncia?	0
Bruna Bottan	Lula fala "j√° tinha visto" qdo vc mostra um meme pra ele	0
B√°rbara Bigosinski	Lula diz que o PT destruiu a sua vida, mas ta viajando pela Europa com o dinheiro do papai	0
Rafael Lima	Lula √© filho do Lula	0
Cec√≠lia Petri	Lula diz que protesto tem que ser pac√≠fico e n√£o incomodar ningu√©m	0
Rafael Lima	Lula avisa pro Google onde voc√™ est√° pra fazer avalia√ß√£o do lugar	0
Daniel Alves	Lula s√≥ vota em bandido e depois reclama AIN PQ POL√çTICO √â TUDO INGUAL	0
Marcel	Lula √© um molusco marinho da classe Cephalopoda, subclasse Coleoidea, ordem Teuthida, que inclui as subordens, Myopsina e Oegopsina (esta √∫ltima inclui a esp√©cie Architeuthis dux, a lula-gigante). Sua classifica√ß√£o √© atribu√≠da √† divis√£o dos p√©s, que fo‚Ä¶Ver mais	0
Jhen Nifer	Caralho, menino Marcel. Hahahahahahhahahahhaha	0
Cec√≠lia Petri	Lula usa retic√™ncias de dois pontos e dezenas de exclama√ß√µes	0
Thiago Homero	lula diz q na coreia do norte √© ruim pq s√≥ pode fazer 9 tipos de corte de cabelo mesmo ele s√≥ tendo feito dois durante a vida toda	0
Anna Duzzi	Lula acha que tem que ter uma parada do orgulho h√©tero tamb√©m	0
B√°rbara Bigosinski	Lula diz que pega todas mas nunca conseguiu fazer a cobra funcionar	0
Bruna Bottan	Lula fica mandando indireta pro Conje no flood	0
Daniel Alves	Lula faz perfil de casal	0
Anna Duzzi	Perfil do facebok do Lula t√° escrito ‚Äútrabalha em: n√£o‚Äù	0
B√°rbara Bigosinski	Lula diz que √© a favor da familia tradicional brasileira mas tem mais filho que mister catra	0
Rafael Lima	Lula posta foto constrangedora dos amigos na semana do anivers√°rio deles	0
Thiago Homero	lula chama voc√™ pra mostrar um video e fica narrando e antecipando tudo que vai acontecer	0
Jhen Nifer	Lula diz que o que importa √© informar a popula√ß√£o, mesmo quando a grava√ß√£o que tem como suposta prova √© ilegal.	0
Rafael Lima	Lula faz surpresa do dia dos namorados na Ana Maria Braga e se d√° mal	0
Alessandra Magalh√£es Benetti √í≈üun L'ade	Lula promete que vai assistir o filme que vc indicou e qdo vc pergunta se ele viu, ele finge que vc nunca falou a respeito	0
Will Je Suis Teixeira	Lula diz: https://oglobo.globo.com/.../cientistas-descobrem-que...	0
Thiago Homero	Lula fala que tudo bem ser gay, contanto que n√£o venham pra cima dele	0
B√°rbara Bigosinski	Rafael Lima Lula faz photoshop na propria cara, e marca os amigos tudo zuado.	0
Daniel Alves	Lula pede combo com salada e coca light no McDonald's	5
Bruna Bottan	Lula acha que nem esquerda nem direita, tem que ir pra frente	3
B√°rbara Bigosinski	Lula ronca mais que Hornet de madrugada	3
Daniel Alves	Lula s√≥ frequenta shopping de playba que √© pra n√£o se misturar com essa gentinha	2
Alessandra Magalh√£es Benetti √í≈üun L'ade	Lula comenta sua pr√≥pria foto se exaltando, mas esquece de trocar de perfil usando a conta fake e quando √© pego no flagra apaga o post. Infelizmente temos os prints	7
Daniel Alves	Lula tem medo real de sair na rua e levar uma facada no ba√ßo	4
Cec√≠lia Petri	Lula traz tudo da Califa	1
Fabio Charles da Silva	Lula faz peti√ß√£o online pra tirar ator de filminho de boneco	5
Bruna Bottan	Lula faz discurso antiaborto mas for√ßou a amante a abortar	2
Cec√≠lia Petri	Lula tem um programa no canal Off que ele fica no Tahiti na sua 2a feira	1
Cec√≠lia Petri	Lula faz skydiving	1
Will Je Suis Teixeira	Lula √© apel√£o e joga com Rugal	2
Bruna Bottan	Lula fala que vale super a pena fazer o enxoval do Lulinha em Miami	2
Cec√≠lia Petri	Lula joga golf quando ele vai pra √Åfrica	1
Ana Carolina Ferreira	Lula bota a forma de gelo vazia de volta no congelador. Ou com um gelinho s√≥, pra dizer que n√£o t√° vazio.	1
Marina Mancinelli	Lula pede pra entrar na balada s√≥ pra dar uma olhadinha.	3
Cec√≠lia Petri	Lula gosta de ir no Cassino de Monte Carlo	0
Daniel Alves	Lula come pizza de luvinha	0
Daniel Alves	Lula usa √≥culos escuros na balada	0
Thiago Homero	lula fala que √© viciado em adrenalina	0
Cec√≠lia Petri	Lula vai no Castelo de Caras	0
B√°rbara Bigosinski	Marina Mancinelli Lula fura fila na balada s√≥ por que √© digital influencer	0
Rodrigo Sodr√©	O Lula e o PT atrav√©s da Lei Ruarnet destruiram a oitava temporada do Game Of Thornes.	0
Ana Carolina Ferreira	Lula diz que viagem √© investimento e s√≥ n√£o faz quem n√£o quer	0
Cec√≠lia Petri	Lula vai pra Punta	0
Bruna Bottan	Lula fala q foi pros esteitis fazer um curso de aperfei√ßoamento mas viu uma palestra de coach meia boca e trouxe um monte de muamba pra vender	0
Will Je Suis Teixeira	Lula recomendou Blaze Bayley como substituto do Bruce Dickinson	0
Cec√≠lia Petri	Lula casou com uma ex-miss Joinville	0
Thiago Homero	lula faz a trilha de santiado da compostela e quando volta muda at√© o tom de voz e come√ßa a falar mais suave	0
B√°rbara Bigosinski	Lula manda frases motivacionais no whats	0
Cec√≠lia Petri	O Lula posta Osho	0
J√©ssica Chaves	Lula s√≥ toma caf√© no Starbucks	0
Bruna Bottan	Lula fala "melhor custo/benef√≠cio"	0
Marina Mancinelli	Lula acha que o David Lee Roth √© melhor que o Sammy Hagar.	0
Thiago Homero	Lula fala que n√£o √© ningu√©m antes de tomar seu caf√©zinho	0
B√°rbara Bigosinski	Lula posta frases com fotos do The Rock	0
Ana Carolina Ferreira	Lula diz que sua startup de criptomoedas √© desruptiva e vai quebrar os bancos	0
J√©ssica Chaves	Lula √© palestrante motivacional do Tedx	0
Will Je Suis Teixeira	Lula foi confirmado em Velozes e Furiosos 9	0
Fabio Charles da Silva	Lula abandona o dog na estrada	0
Cec√≠lia Petri	Lula √© coach de lideran√ßa e sedu√ß√£o	0
B√°rbara Bigosinski	Lula come Lula a dor√™.. Canibal!	0
Fabio Charles da Silva	Lula acha que a menina tem que da pra ele pq ele √© legal	0
Fabio Charles da Silva	Lula acredita em friendzone	0
J√©ssica Chaves	Se o cal√ßado n√£o for Balenciaga o Lula nem cal√ßa	0
B√°rbara Bigosinski	Lula √© empreendedor de bitcoin	0
Fabio Charles da Silva	Lula √© desconstruidx mas trai a namorada	0
Will Je Suis Teixeira	Lula √© garoto propaganda dos sapatos Di Pollini	0
J√©ssica Chaves	O Lula n√£o sai de casa sem seu coque samurai	0
J√©ssica Chaves	O Lula tem nojinho de fazer sexo oral	0
Cec√≠lia Petri	Lula abre marmita de ovo cozido no √¥nibus leito	5
Fabio Charles da Silva	Lula lava o pau na pia esperando um boquete	6
B√°rbara Bigosinski	Fabio Charles da Silva Lula vive um relacionamento aberto mas a namorada n√£o pode pegar ningu√©m	5
Fabio Charles da Silva	B√°rbara Bigosinski Lula s√≥ quer relacionamentos com padraozinhas	4
B√°rbara Bigosinski	Lula vai fazer o proximo carga explosiva com o Jason Statan	3
Rafael Lima	Lula √© incel	6
J√©ssica Chaves	Lula j√° foi vocalista do One Direction	5
Fabio Charles da Silva	Lula diz que vai acabar com ela e dura 3.24 minutos	4
Ana Carolina Ferreira	Lula aprendeu a letra de Evid√™ncias pra entrar na modinha	3
Rafael Lima	Lula fez minha sexta mais feliz	4
B√°rbara Bigosinski	J√©ssica Chaves Lula usava roupa colorida e cantava musica do restart	5
Rodrigo Sodr√©	Lula √© crente !!!	5
J√©ssica Chaves	Lula chorava ouvindo Cine e Hevo84	4
Ana Carolina Ferreira	Lula botava mp3 com nome errado no Napster s√≥ pra zuar	4
B√°rbara Bigosinski	Lula senta na cadeira preferencial e faz de conta que esta dormindo	3
J√©ssica Chaves	Lula saiu pra comprar cigarro e nunca mais voltou	3
Cec√≠lia Petri	Lula √© contra aborto mas bandido bom √© bandido morto	3
B√°rbara Bigosinski	Lula mandava indireta no status do msn	0
J√©ssica Chaves	Lula tem uma mata no mei das pernas mas s√≥ quer mina lisinha	0
Rafael Lima	Lula chamava aten√ß√£o na janela do MSN	0
Rodrigo Sodr√©	Lula √© empreendedor	0
Cec√≠lia Petri	Lula n√£o paga pens√£o aliment√≠cia mas vai pro Sirena em Maresias	0
B√°rbara Bigosinski	Mano, J√©ssica Chaves üòÇüòÇüòÇüòÇ	0
J√©ssica Chaves	Lula gasta dinheiro com bronze artificial de fita isolante	0
B√°rbara Bigosinski	Lula diz que fez proerd mas vive fungando o nariz	0
Cec√≠lia Petri	Lula t√° tomando whey protein	0
Rodrigo Sodr√©	Lula explodiu Cherbobyl	0
Cec√≠lia Petri	Lula n√£o paga academia mas gasta 400 conto de suplemento	0
Cec√≠lia Petri	Lula √© amigo do dono	0
Rafael Lima	Lula criou uma comunidade no Orkut chamada "todos amam o Lula"	0
Bruna Bottan	Lula fala que as greves devem ser feitas aos domingos	0
Rafael Lima	Lula usa camisa da CBF e enfia cabo de panela no cy	0
Ana Carolina Ferreira	Lula diz pra mina que ela seria bonita se emagrecesse	0
Rodrigo Sodr√©	Lula comeu o M√°rio	0
J√©ssica Chaves	Lula acha que a m√£e do filho dele foi pra Disney com os 300 conto de pens√£o que ele d√°	0
B√°rbara Bigosinski	Rodrigo Sodr√© Que mario? ü§£ü§£ü§£ü§£ü§£ü§£ü§£ü§£	0
J√©ssica Chaves	Lula diz que o povo faz filho pra receber mais dinheiro do bolsa fam√≠lia	0
B√°rbara Bigosinski	Lula √© o Dunha!	0
Marina Mancinelli	Lula fala que n√£o gostou do prato e pede pra abater da conta mas come ele inteiro.	0
Daniel Alves	B√°rbara Bigosinski o que foi comido pelo Lula atr√°s do arm√°rio	0
Fabio Charles da Silva	Lula era o pintinho que n√£o tinha toba, foi solta um pum e explodiu üí£üí£üí£	0
B√°rbara Bigosinski	J√©ssica Chaves Lula diz que uma cal√ßa pra uma jovem de 16 anos √© mais de 300 reais.	0
Cec√≠lia Petri	Lula vai no casamento e compara com outros casamentos muito mais grandiosos	0
Daniel Alves	Lula acredita em marxismo cultural e em ideologia de g√™nero	0
Cec√≠lia Petri	Lula vai no restaurante e fala q hoje n√£o estava bom como de costume	0
B√°rbara Bigosinski	Lula gostou do final de GOT	0
J√©ssica Chaves	Lula quer controlar as roupas da namorada mas s√≥ usa regata cavada at√© o umbigo	0
Cec√≠lia Petri	Lula assoa o nariz no len√ßo e guarda no bolso	0
Marina Mancinelli	Lula n√£o sabe dobrar len√ßol de el√°stico.	0
J√©ssica Chaves	Lula diz que odeia mulher sem salto mas s√≥ usa sapat√™nis	0
Rafael Lima	Lula vai ser o pr√≥ximo Superman do universo DC	3
B√°rbara Bigosinski	Lula n√£o gosta do Keanu Reeves	4
Cec√≠lia Petri	Lula da aulas de etiqueta	3
B√°rbara Bigosinski	Lula diz que DC √© melhor que Marvel	6
J√©ssica Chaves	Lula enche o bucho na festa de anivers√°rio e ainda sai falando mal	3
Rodrigo Sodr√©	Lula co√ßa o saco e quer te cumprimentar em seguida	4
Cec√≠lia Petri	Rodrigo Sodr√© Lula para o rola com o katagatame engatado e explica como ajusta	0
B√°rbara Bigosinski	Cec√≠lia Petri Lula come com o dedinho em p√©	3
Marina Mancinelli	Lula diz que Marvel √© melhor que DC. S√≥ pra complementar a treta.	4
Cec√≠lia Petri	Lula passa o caf√© com a√ß√∫car cristal	3
B√°rbara Bigosinski	Marina Mancinelli Marvel √© melhor mesmo	2
Rafael Lima	B√°rbara Bigosinski TA CERTO O LULA	2
Marina Mancinelli	B√°rbara Bigosinski, n√£o fa√ßo ideia de quem √© de qual. T√¥ aqui pra bagun√ßar, n√£o pra ter raz√£o. hahaha	3
B√°rbara Bigosinski	Lula passa trote pra puli√ßa	3
J√©ssica Chaves	Lula fica 3 anos sem lavar o kimono mas acha um absurdo mulher que repete suti√£	6
J√©ssica Chaves	Lula n√£o encosta na torneira se tiver uma calcinha pendurada nela	5
Rafael Lima	Lula vai jogar a copa Am√©rica	1
Marina Mancinelli	Lula acha que mulher de calcinha e suti√£ descombinando √© brochante.	0
J√©ssica Chaves	Lula n√£o apara a mata do cu porque diz que n√£o √© escorrego de pica	0
Alex Porto	Lula conta todos os detalhes do √∫ltimo ano quando voc√™ encontra ele na rua e pergunta "E a√≠, tudo bem?"	0
B√°rbara Bigosinski	Lula usa cueca furada	0
Ana Carolina Ferreira	Lula aborda as gorda na rua pra vender shake da Herbalife	0
J√©ssica Chaves	Lula n√£o lava cueca, ele vira ao avesso e veste	0
B√°rbara Bigosinski	Lula usa perfume da hinode mas fala que √© importado	0
J√©ssica Chaves	Lula diz que √© feministo mas nunca lavou a pr√≥pria cueca, deixa pra esposa	0
Cec√≠lia Petri	Lula diz que mulher tem que t√° com a unha feita	0
Cec√≠lia Petri	Lula odeia estria e celulite	0
B√°rbara Bigosinski	Lula diz que odeia feminista s√≥ por que n√£o pega mulher	0
J√©ssica Chaves	Lula diz que Toddy √© melhor que Nescau	0
Cec√≠lia Petri	Lula diz q a curva mais linda da mulher √â o sorriso	0
J√©ssica Chaves	Lula s√≥ √© homof√≥bico at√© abrir o xvideos	0
Marina Mancinelli	Lula diz que √© bolacha.	0
Cec√≠lia Petri	Lula diz q me desculpem as feias mas beleza √© fundamental	0
B√°rbara Bigosinski	Lula acredita que chocolate branco √© chocolate	0
Marina Mancinelli	Lula fala que protetor solar √© pra fresco e depois vai dormir besuntado de Caladril.	0
Cec√≠lia Petri	Lula diz q burguesinha burguesinha burguesinha e casa com uma tipa que veio de Los Angeles onde a gente mora s√≥ pra provar a coxinha de ossobuco do camarote	0
Rafael Lima	Lula diz que n√£o disse nada do que foi relatado aqui	0
J√©ssica Chaves	Lula acha um absurdo amamentar em p√∫blico mas s√≥ anda sem camisa em locais p√∫blicos	0
J√©ssica Chaves	Lula tinha adesivo da Dilma arreganhada no carro em 2016 mas hj em dia paga 5 conto de gasosa feliz da vida	0
Cec√≠lia Petri	Lula √© supremacista americano e israelense	0
B√°rbara Bigosinski	Lula reclama de cachorro na rua mas nao recolhe o coco do seu	0
J√©ssica Chaves	Lula reclama de uva passa no arroz	0
J√©ssica Chaves	Lula √© o tioz√£o do pav√™	0
Rafael Lima	J√©ssica Chaves t√° certo o Lula!	0
Cec√≠lia Petri	Lula √© corretor da Cyrella que vc n√£o conhece e te bombardeia de email	0
J√©ssica Chaves	Rafael Lima heregeeeee	0
B√°rbara Bigosinski	Lula apoia a constru√ß√£o de arranha c√©u na frente da praia.	0
J√©ssica Chaves	Lula diz que escolheu esperar mas n√£o respeita quem quer dar	0
Marina Mancinelli	Quando o Lula faz panfletagem na sa√≠da do metr√¥, s√≥ falta ele enfiar o papel no seu cu se voc√™ n√£o pegar.	0
Ana Carolina Ferreira	Lula pergunta pro casal de mulheres quem √© o homem da rela√ß√£o	0
Fabio Charles da Silva	Lula acredita no mundial do Palmeiras	6
J√©ssica Chaves	Lula n√£o lava o cu pq diz que isso √© coisa de baitola	3
Marcel	Lula escreveu as duas √∫ltimas temporadas de Game of Thrones.	2
Bruna Bottan	Lula s√≥ quer saber de mulher com unha francesinha no p√© mas nem limpa a unha da m√£o	4
B√°rbara Bigosinski	Lula diz que tatuagem √© coisa de macho mas morre de medo de inje√ß√£o	3
Bruna Bottan	Lula coloca ma√ß√£ na maionese	11
J√©ssica Chaves	Lula diz que mam√£o √© gostoso	4
J√©ssica Chaves	Lula √© casado e diz que ama comer, mas n√£o se preocupa em aprender a fritar um ovo	4
B√°rbara Bigosinski	Lula se veste de papai noel no natal e entrega bixiguinha de presente	3
B√°rbara Bigosinski	Lula diz que digimon √© melhor que Pok√©mon	5
J√©ssica Chaves	Lula diz que no nordeste n√£o tem √°gua	3
J√©ssica Chaves	Lula acha que nordestino s√≥ se veste como cangaceiro e n√£o sabe o que √© wi-fi	4
J√©ssica Chaves	Lula fala mal do nordeste o ano todo mas vem pra c√° nas f√©rias	2
Rafael Lima	Lula diz que caf√© √© ruim	3
Marina Mancinelli	Lula s√≥ leva lingui√ßa pros churrascos. E depois ainda fica fazendo piadinha de "gostou da minha lingui√ßa kkkk"	4
J√©ssica Chaves	Rafael Lima certo ele hahauahauh superestimado demais	1
B√°rbara Bigosinski	J√©ssica Chaves Lula tem passe vip no beach park	0
Bruna Bottan	Lula esqueceu que hj √© sexta sexy e preferiu ficar floodando	0
Rafael Lima	J√©ssica Chaves exatamente!!!!	0
Rafael Lima	Bruna Bottan Lula ofuscou a sexta sexy	0
Rafael Lima	Bruna Bottan inclusive, √© uma pena que n√£o √© no grupo, olha o impulso que ia ganhar pro enxad√£o hahaha	0
Marcel	Lula cortou o pr√≥prio dedo intencionalmente pra quando, no futuro, o Sodr√© fizesse um post e um robozinho lesse e ficasse puto, pois descobriria que o dedo era pra enfiar no cu de quem t√° lendo.	0
Ana Carolina Ferreira	Lula nas festas da fam√≠lia fica falando que seu primo ganha mais do que voc√™.	0
J√©ssica Chaves	Lula achou um absurdo qdo descobriu que as pessoas usavam roupas de poli√©ster	0
B√°rbara Bigosinski	Rafael Lima lula nem me deixou ver a sexta sexy direito	0
Bruna Bottan	Lula n√£o tem mais nada pra fazer na vida e fica floodando coment√°rio de minion na postagem do Rodrigo Sodr√©	0
J√©ssica Chaves	Lula deixa a mulher na m√£o e goza em 1 minuto dizendo que √© pq ela √© muito gostosa	0
B√°rbara Bigosinski	Lula ta mandando o Alex Porto me dar uma mimosa	0
B√°rbara Bigosinski	Lula s√≥ come comida japonesa e faz mais inveja que o Rodrigo Sodr√©	0
Marcel	Lula est√° comendo essa pizza.	0
B√°rbara Bigosinski	Lula mandou dar BAN no Marcel por colocar catchup na pizza	0
J√©ssica Chaves	Lula ficou chocado quando descobriu que o clit√≥ris n√£o era lenda urbana	0
J√©ssica Chaves	Lula n√£o gosta de br√≥colis	0
Rafael Lima	Marcel Lula s√≥ est√° errado por causa da mostarda	0
J√©ssica Chaves	Lula n√£o anda de moto com o amigo dele, diz que √© coisa de viado	0
B√°rbara Bigosinski	Lula anda de patinete eletrico com coque hipster	0
J√©ssica Chaves	Lula s√≥ toma cerveja artesanal	0
J√©ssica Chaves	Lula paga 500 conto em camiseta b√°sica s√≥ por causa da etiqueta que ningu√©m v√™	0
J√©ssica Chaves	Lula diz que n√£o faz velha pol√≠tica mas √© do partido NOVO	0
Keitty Amorim	SOKORRRROOOOO üòÇüòÇüòÇüòÇüòÇüòÇüòÇ	0
J√©ssica Chaves	Lula diz que √© contra o aborto pq √© pr√≥ vida, mas ignora as crian√ßas pedintes do centro da cidade	0
Keitty Amorim	Lula participou da Banheira do Gugu	0
Rafael Lima	Lula formou um grupo de pagode 90	0
Ana Carolina Ferreira	Lula n√£o se derrete com os √°udios da Keitty Amorim	0
Marcel	Lula exige troco de 1 centavo.	0
Marina Mancinelli	Lula acha que o Polegar √© melhor que o New Kids On The Block.	0
Keitty Amorim	Lula usa legging transparente	0
B√°rbara Bigosinski	Rafael Lima Lula canta Lua Vai	0
Marina Mancinelli	Lula cospe no microfone quando canta no karaok√™.	0
Keitty Amorim	Lula n√£o ralou na boquinha da garrafa	0
B√°rbara Bigosinski	Lula dan√ßava na boquinha da garrafa	0
J√©ssica Chaves	Lula ficou chatead√≠ssimo qdo descobriu que fazer arminha n√£o resolveria seus problemas	0
Keitty Amorim	Lula morre de rir assistindo As Branquelas pela d√©cima vez	2
Marina Mancinelli	Lula fica b√™bado e fala "se eu t√¥ causando eu vou embora".	0
J√©ssica Chaves	Lula n√£o acompanha a sele√ß√£o feminina pq diz que √© coisa de feminista mal comida	0
Rafael Lima	B√°rbara e Keitty, decidam ae, ele dan√ßou ou n√£o?	1
B√°rbara Bigosinski	Keitty Amorim Lula diz Segura meu puddle	2
J√©ssica Chaves	Lula acha que sem um pau a mulher n√£o sente prazer no sexo	1
Keitty Amorim	Rafael sentiu a sintonia!!hahahahahahahah	1
Rafael Lima	Lula diz que futebol feminino √© ruim, mas assiste SP e Corinthians	1
Keitty Amorim	Lula sabe onde fica o clit√≥ris	1
B√°rbara Bigosinski	Rafael Lima Sente a conex√£o entre eu e a Keitty Amorim	2
Keitty Amorim	Lula gosta de A√ßa√≠!	3
B√°rbara Bigosinski	Lula chora ouvindo Sandy e Jr	1
Rafael Lima	Lula diz que a√ßa√≠ s√≥ √© bom se tiver uns 10 complementos	1
J√©ssica Chaves	Lula faz muscula√ß√£o e acha que √© nutricionista alheio	0
B√°rbara Bigosinski	Lula faz a eguinha pocot√≥	1
B√°rbara Bigosinski	De onde eu tirei isso?	0
J√©ssica Chaves	Lula pesa 45 a√≠ chega pro amigo gordo e diz que t√° obeso	0
Keitty Amorim	Lula s√≥ fala em pajub√°	0
Ana Carolina Ferreira	Lula disse que foi v√≠tima de racismo pq chamaram ele de branquelo	0
Keitty Amorim	Lula espirra na cara de qualquer um	0
B√°rbara Bigosinski	Lula cai no gemid√£o do Zap em p√∫blico	0
Marcel	O Lula acha que o moleque do 500 Days Of Summer t√° certo e que a Summer √© s√≥ uma feminista escrota que coloca caras legais na friendzone.	0
B√°rbara Bigosinski	LULA avisa que chegou aos 700 comentarios	0
Keitty Amorim	Lula leu SEGREDOS DA MENTE MILION√ÅRIA	0
J√©ssica Chaves	Lula fez curso de seguran√ßa e acha que √© do FBI	0
J√©ssica Chaves	Lula come meleca quando ningu√©m t√° vendo	0
B√°rbara Bigosinski	Lula faz mais fofoca que sua vizinha chata	0
Marcel	Lula √© coach de empoderamento feminino e fotografa ruivas nuas tatuadas fumando na sacada.	0
Ana Carolina Ferreira	Lula t√° atrasando o resto das mat√©rias do Intercept	0
Keitty Amorim	Lula leu PAI RICO PAI POBRE (Vagner contribuiu com essa) kkkkkkk	0
Marcel	Keitty Amorim, certeza que o Lula √© f√£ do Augusto Cury.	0
B√°rbara Bigosinski	Lula ajudou a encher o boneco inflavio do super moro	0
J√©ssica Chaves	Lula diz que √© fot√≥grafo de nu art√≠stico, mas al√©m de h√©tero, ele s√≥ fotografa mulheres e constrange todas dando em cima delas	0
J√©ssica Chaves	Lula participou da corrida contra a corrup√ß√£o usando a camisa do Moro	0
J√©ssica Chaves	Lula excluiu as fotos do Instagram que diziam "eu sou caixa 2 do Bolsonaro"	0
Keitty Amorim	Lula faz caf√© filos√≥fico com Karnal e Cortella	0
Thiago Homero	Lula tira foto com cocar de √≠ndio fritando no coachella	0
B√°rbara Bigosinski	Lula come pizza com luvinha	0
Cec√≠lia Petri	Lula diz que mulher musculosa parece homem mas ele n√£o tem m√∫sculo nenhum	0
Cec√≠lia Petri	Lula diz que mulher tem que ter bunda grande e fazer quadradinho	0
Cec√≠lia Petri	Lula diz que mulher tem que ter cabel√£o	0
Keitty Amorim	Lula era f√£ de Rebeldes	0
Marcel	Lula pinta a unha de branco pela paz na faixa de Gaza.	0
Cec√≠lia Petri	Lula gosta de acordar √†s 5 da manh√£ e treinar pra meia maratona	0
Cec√≠lia Petri	Lula usa rel√≥gio Garmin que tem GPS e conta calorias	0
Cec√≠lia Petri	Lula √© mahamudra	0
Keitty Amorim	Lula compartilha mensagem de macho com a foto do Jason Stathan	0
Cec√≠lia Petri	Lula da dicas de fitinis	0
Cec√≠lia Petri	Lula tem uma lojinha virtual onde ele vende as pecinhas da √∫ltima temporada	0
Cec√≠lia Petri	Lula vende jaqueta destroyed no enjoei	2
Marcel	Lula colocou no Facebook que trabalha na VASP - Vagabundos An√¥nimos Sustentados Pelos Pais.	5
Keitty Amorim	Lula manda √°udio bebado para a ex	3
Cec√≠lia Petri	Lula vai no puteiro com os amigos na hora do almo√ßo	3
Keitty Amorim	Lula n√£o come arroz (kkkkkkkk entendedores entender√£o)	5
Cec√≠lia Petri	Lula segue o Oscar Maroni	2
Keitty Amorim	Lula grita FORA PT	0
Cec√≠lia Petri	Lula come p√£o com leite condensado direto em cima do jogo americano	2
Marcel	Keitty, esse √© imperdo√°vel	1
Ana Carolina Ferreira	Lula fala: eu t√¥ preso babaca	5
Alex Porto	Lula da CD do Jota Quest de presente de casamento	7
Keitty Amorim	Poxa üò¢üòÇüòÇüòÇ	0
Cec√≠lia Petri	Lula n√£o vai beber com vc porque t√° tomando remedio	1
Marina Mancinelli	Alex Porto, e nas festas de casamento faz rodinha com os amigos gritando "ui ui ui, ai ai ai ai ai" quando toca Vou Deixar.	5
Bruna Bottan	Lula s√≥ bebe campari	0
Keitty Amorim	Cec√≠lia eu sou dessas hahahahahaha	0
Cec√≠lia Petri	Lula convida pro ch√° bar, ch√° de lingerie e ainda pede presente de casamento e cota de lua de mel no iCasei	0
Cec√≠lia Petri	Lula fica indignado quando n√£o tem gin	0
Marcel	Marina, Lula responde "√© a porra do Brasil" quando toca que pa√≠s √© esse, "maconha" quando toca √© proibido fumar e "em cima da cama e debaixo da escada" quando toca aquela do kid abelha.	0
Bruna Bottan	Marina Mancinelli e na mesma rodinha faz coro "o o o o amooorrr tem sabooor"... pulando com uma das m√£os para cima	0
Keitty Amorim	Lula canta ‚Äú√© pica, √© rola‚Äù no parab√©ns pra vc.	0
Cec√≠lia Petri	Lula vai no Dia% e faz cara feia que n√£o tem peperoni	0
Rafael Lima	Lula diz que sofre preconceito por ser bonito	0
Marcel	Lula tamb√©m canta "com car√ßa" e "sem car√ßa" quando toca Chico Mineiro.	0
Marcel	Lula grita "toca Raul"	0
Cec√≠lia Petri	Lula canta sou brasileirouuu com muito orgulhooou com muito amoooooooooouuurrr	0
J√©ssica Chaves	Lula diz que na federal s√≥ tem maconheiro mas enche o cu de p√≥ na calourada de medicina da particular	0
Keitty Amorim	Lula n√£o gosta de cantar Evid√™ncias	0
Cec√≠lia Petri	Lula reposta frases do Chor√£o no insta	0
Marcel	Lula ajoelha e finge que t√° segurando um chap√©u contra o peito quando toca Boate Azul em festa universit√°ria.	0
Bruna Bottan	Lula gosta de cantar Evid√™ncias	0
Cec√≠lia Petri	Lula se emociona quando toca o hino	0
Bruna Bottan	Lula coloca a frase "junto e misturado" no insta	0
J√©ssica Chaves	Lula gosta de sertanejo universit√°rio e diz que rock √© uma merda	0
Cec√≠lia Petri	Lula tem camisa da cbf	0
Bruna Bottan	Lula coloca a frase "brindo a casa brindo a vida meus amores minha fam√≠lia" no insta	0
J√©ssica Chaves	Lula √© coxinha mas canta "que pa√≠s √© esse" nas manifesta√ß√µes	0
Cec√≠lia Petri	Lula tem apartamento em Paris na avenue Foch	0
Marina Mancinelli	Lula rouba sacolinha do setor hortifruti do mercado pra usar de saco de lixo.	0
Keitty Amorim	Lula tem medo do MST invadir o triplex	0
Marcel	Lula vai em Barretos, escuta sertanejo, usa chap√©u, fivel√£o, cal√ßa esmagaball e sapat√£o Wrangler, mas nunca tocou uma vaca.	0
Cec√≠lia Petri	Lula vai no Vila Country	0
Marina Mancinelli	Lula chama S√£o Paulo de Sampa.	0
Bruna Bottan	Lula coloca a frase "valeu a pena √™ √™" no insta	0
Alex Porto	Lula posta foto de cerveja no churrasco com a legenda "iniciando os trabalhos"	0
Bruna Bottan	Lula posta foto do p√© na rede com a frase "vida ruim" no insta	0
Keitty Amorim	Lula marca 10 amigos para participar de sorteio no Insta	0
Ana Carolina Ferreira	Lula sabe a letra de Faroeste Caboclo e quer cantar pra provar pra todo mundo	0
Marina Mancinelli	Lula compartilha postagem achando que a cada compartilhamento o Zuckerberg vai doar 1 d√≥lar pro Hospital do C√¢ncer.	6
Bruna Bottan	Lula posta foto do p√© na piscina com q frase "√© o que tem pra hj" no insta	3
Marcel	Lula diz que tem gosto musical ecl√©tico, mas n√£o aguenta dois minutos de death metal.	4
Bruna Bottan	Ana Carolina Ferreira provar pra todo mundo √© outra m√∫sica	1
Marina Mancinelli	Marcel, Lula diz que √© roqueiro pq ouve o ac√∫stico do Tit√£s.	6
Bruna Bottan	Lula fala q Beatles √© superestimado √© f√£ de Engenheiros do Hava√≠	4
J√©ssica Chaves	Lula finge que √© rico no Instagram mas no zapzap vive mendigando login de Netflix	3
Marcel	Lula toca a introdu√ß√£o de Sweet Child O' Mine toda vez que pega um viol√£o e ainda errada uma nota.	4
Keitty Amorim	Lula faz v√≠deo para o YouTube ensinando fazer slime	3
Marina Mancinelli	Lula manda "bom dia, grupo"	4
Marcel	Lula gosta de Rosa de Saron.	6
Bruna Bottan	Lula faz check in no supermercado, n√£o pera	9
Keitty Amorim	Lula dan√ßa Backstreet boys	1
Marcel	Lula compartilha Chapolin Sincero, Gina Indelicada, Conselhos do He-man, Ah Neg√£o, N√£o Salvo e Otariano.	4
Bruna Bottan	Lula √© f√£ da banda Malta, puta som meo	4
J√©ssica Chaves	Lula acha que √© blogueiro de marketing digital s√≥ pq tem tim beta	3
Marcel	Lula puxa um pai nosso e diz que √© a "ora√ß√£o universal".	3
Geris Bireiro	Lula exige os R$0,03 de troco pra tia da padaria	0
Geris Bireiro	Lula d√° n√≥ cego no cadar√ßo do t√™nis novo do priminho	0
Keitty Amorim	Lula puxa assunto no bus√£o quando vc est√° ouvindo m√∫sica	0
J√©ssica Chaves	Lula fala "t√° calor, n√©?" qdo te encontra no elevador	0
Keitty Amorim	Lula anda de patinete el√©trico na Faria Lima	0
Keitty Amorim	Lula faz surpresa de dia dos namorados no programa da Ana Maria Braga	0
Keitty Amorim	Lula detesta Friends	0
Geris Bireiro	Lula peida sem fazer barulho e sai da sala	0
J√©ssica Chaves	Lula usa cal√ßa saruel basqueteira e fala mal da roupa dos outros	0
J√©ssica Chaves	Lula √© aquele senhorzinho inconveniente que batia na mulher que diz que no tempo dele existia respeito	0
Keitty Amorim	Lula diz ‚Äún√£o vou morrer antes de provar que Moro mente‚Äù ‚ô•Ô∏è	0
Alex Porto	Lula faz festa de anivers√°rio e prepara uma sele√ß√£o dos seus videos preferidos do YouTube pra passar pros convidados	0
Alex Porto	Lula √© o homem mais bonito do mundo e j√° deu porrada no Brad Pitt	0
Suellen Sato Luna	Lula liberou piada interna?	0
Keitty Amorim	Alex Porto üòÇüòÇüòÇüòÇüòÇüòÇüòÇüòÇüòÇüòÇüòÇüòÇüòÇüòÇ ‚Äúesse cara √© gostoso‚Äù	0
Cec√≠lia Petri	Lula pergunta se tem P dessa aqui, pergunta se tem outra cor, s√≥ tem M, ele reserva e n√£o volta	0
Keitty Amorim	Lula √© socialista de IPhone	0
Keitty Amorim	Lula deixa o crach√° pra ‚Äúreservar‚Äù mesa na pra√ßa de alimenta√ß√£o do shopping...	0
Keitty Amorim	Lula se sente vampiro depois de assistir Crep√∫sculo.	0
Keitty Amorim	Lula √© viciado em teste do BuzzFeed	0
Ana Carolina Ferreira	Lula roubou at√© o p√£o na casa do Jo√£o	0
Nat√°lia Bueno	Lula testa guitarra tocando Starway to Heaven.	0
Keitty Amorim	Lula julga os participantes de Largados e Pelados.	0
Loren Claire	B√°rbara Bigosinski +e isso que d+a ser educada.....kkkkkkkk	0
Alice Garcia Silveira	Lula fica olhando o extrato da conta e trava a fila do caixa	0
Geris Bireiro	Lula deixa pra procurar o bilhete √∫nico quando chega na catraca	0
Daniel Alves	Lula pagou 600 conto no Open √°gua do Sandyjunior	0
Daniel Alves	Lula pratica hopoponoponopoponopono	0
Alex Porto	Lula fica encarando as mulheres quando cruza com elas.na cal√ßada	0
Alex Porto	Lula n√£o lambe a tampa do iogurte	0
Alex Porto	Lula transa de meia	0
Alex Porto	Lula usa bermuda e t√™nis com meia social esticada at√© a canela	0
Alex Porto	Lula anda com uma carteira preta de couro ensebada de 20cm de largura que n√£o cabe.no bolso	3
Cec√≠lia Petri	Lula fala que vc √™ comunista ent√£o da sua casa pros moradores de rua	3
Cec√≠lia Petri	Lula fala que √© f√°cil ser comunista na sua casa com o seu ar condicionado fumando baseado seu playboy	4
Cec√≠lia Petri	Lula fala que mulher bonita n√£o paga mas tb n√£o leva	3
Cec√≠lia Petri	Lula fala conji	2
Cec√≠lia Petri	Lula fala que foi pra Harvard e n√£o sabe falar Masteschutets	3
Alex Porto	Lula ouve Cold Play no carro batucando no volante (Tinha colocado essa no lugar errado e trouxa pra c√°)	3
Cec√≠lia Petri	Ah √© porque ainda n√£o falei aqui que: O Lula botou idade de corte de 18-35 no Tinder	2
Cec√≠lia Petri	Lula p√µe foto de 10 a 15 anos atr√°s no Happen	2
Alex Porto	Lula faz despedida de solteiro	2
Cec√≠lia Petri	Lula tem instamessage üëëpremium secreto	0
Cec√≠lia Petri	Alex Porto em Moema	0
Cec√≠lia Petri	Lula manda superlike	1
Cec√≠lia Petri	Lula manda charme	1
Rodrigo Sodr√©	O Lula detesta gatos	2
Cec√≠lia Petri	Lula determinou que no elevador social n√£o pode subir com a pizza	3
Cec√≠lia Petri	Lula que inventou o visto americano	2
Rodrigo Sodr√©	O Lula produziu todda burrice que ta ai üôÑ	0
Eliandra Soares	Lula peida em baixo da coberta e acusa a direita de s√≥ ter gente feia	0
Keitty Amorim	Lula tem bolsominion de estima√ß√£o	0
Cec√≠lia Petri	Lula fala que tem saudade do que ainda n√£o vivemos	0
Cec√≠lia Petri	Lula manda "Oi, sumida!"	0
Rodrigo Sodr√©	Lula come p√£o franc√™s com leite condensado	0
Cec√≠lia Petri	Rodrigo Sodr√© Mas tem q ser sem prato direto na mesa chanfrada de madeira e com o celular e a bolsa de colostomia sobre a mesa	0
Keitty Amorim	Lula manda foto de comida japonesa TODO DIA NO GRUPO!	0
Rodrigo Sodr√©	Cec√≠lia Petri a famosa escrotada	0
Cec√≠lia Petri	Lula fala que eu n√£o sou feia, apenas minha beleza √© diferente, mas toda mulher √© bonita	0
Cec√≠lia Petri	Lula vende cosm√©ticos porque ele acredita na beleza	0
Keitty Amorim	Lula √© a Universal	0
Cec√≠lia Petri	Lula faz repaginada no visual das pessoas pra elas aprenderem a se vestir adequadamente	0
Rodrigo Sodr√©	Lula toma suco detox com cacha√ßa	0
Keitty Amorim	Lula √© Testemunha de Jeov√° na sua porta domingo de manh√£	0
Keitty Amorim	Lula quando vai beijar na boca bate o dente no seu dente.	0
Cec√≠lia Petri	Rodrigo Sodr√© Lula vende ch√° detox e equilibra teus chacras	0
Rodrigo Sodr√©	Cec√≠lia Petri lula faz reprograma√ß√£o de DNA	0
Cec√≠lia Petri	Lula acha que voc√™ t√° muito negativo e pra tudo funcionar tem que pensar positivo	0
Cec√≠lia Petri	Lula fala que vc critica demais e problematiza tudo	0
Cec√≠lia Petri	Lula acha que as coisas sempre foram assim	0
Keitty Amorim	Lula foge de pessoas t√≥xicas	0
Rodrigo Sodr√©	Lula torce contra o governo Bolsonaro	0
Keitty Amorim	Lula usa flor na barba	0
Cec√≠lia Petri	Lula posta no story o poke que ele vai comer	0
Cec√≠lia Petri	Lula posta aquele sorvete com cobertura de chocolate crocante e wafer e escreve #gordice	0
Keitty Amorim	Lula traz prato sujo depois que vc terminou de lavar a lou√ßa	0
Cec√≠lia Petri	Keitty Amorim Lula n√£o janta, come s√≥ 1 fruta	0
Rafael Lima	Esse rol√™ continua e ningu√©m me avisou?	0
Rafael Lima	Lula acorda cedo no s√°bado e coloca m√∫sica alta no ouvido da fam√≠lia	0
Rodrigo Sodr√©	Lula escuta Wesley Safad√£o	0
Rafael Lima	Lula vai na festinha da escola e s√≥ leva refrigerante xamego	0
Rafael Lima	Lula sai no frio sem blusa e fica pedindo a dos amigos emprestada	0
Keitty Amorim	Lula interfere na roupa que a namorada vai usar	0
Keitty Amorim	Lula adora um pingado e p√£o na chapa üíï	0
Keitty Amorim	Lula √© f√£ de Sense8 üî•‚ô•Ô∏è	0
Rafael Lima	Lula interagia com o buddypoke da crush no orkut	0
Cec√≠lia Petri	Rafael Lima por favor n√£o deixem esse rol√™ acabar. Por favor	0
Rafael Lima	Lula usa a escova de dente do irm√£o	0
Cec√≠lia Petri	Lula vai pra piscina do pr√©dio com a JBL dele e p√µe na lista de funkpagonejo do ispotifai	0
Cec√≠lia Petri	Lula chama vc pra ver uma pe√ßa de teatro da escola do Wolf Maia	0
Cec√≠lia Petri	Lula n√£o √© racista mas	0
Cec√≠lia Petri	Lula sabe que homem √© animal e n√£o consegue conter o pr√≥prio pal	0
Keitty Amorim	Lula diz que tudo bem ser gay, mas n√£o pode ser afeminada. Seja gay discreto	0
Cec√≠lia Petri	Keitty Amorim tudo bem ser gay mas n√£o beije no meio da galera, mano √© hetero tb, cara, s√©rio mto escroto casal q da beijo estalando na orelha dos outros vtnc, Lula faz isso, da beijo estalando na orelha de solteira, ah sifude Lula	0
Keitty Amorim	Lula tem relacionamento aberto e adora mostrar como √© desconstruidx sem apego meo!üòÇüòÇüòÇüòÇ ops...	0
Keitty Amorim	Lula √© ma√ßom	0
Keitty Amorim	Lula adora dar check in no Outback	0
Rafael Lima	Lula assiste novela mexicana	0
Keitty Amorim	Rafael maior f√£ de Maria do Bairro	0
Keitty Amorim	Rafael at√© hoje canta o tema de A Usurpadora	0
Rafael Lima	Keitty Amorim Lula vira o rosto de forma dram√°tica sempre que se surpreende com algo √≥bvio	0
Alex Porto	Lula deixa o pano de prato pendurado no ombro enquanto faz almo√ßo	0
Alex Porto	Lula ensinou o filho do vizinho a falar a palavra "broxa" na festa de anivers√°rio de 80 anos do av√¥	0
Keitty Amorim	Lula sorri com alface no dente	0
Keitty Amorim	Lula quando perde a linha mete a m√£e no meio da briga	0
Keitty Amorim	Lula fala cuspindo	0
Keitty Amorim	Lula eu te amo ‚ù§Ô∏è	0
Keitty Amorim	Lula diz n√£o se envolver com quem n√£o sabe a diferen√ßa de mas e mais. Ele √© muito enjoado	0
Rodrigo Sodr√©	Lula trabalhou quando metalurgico na linha de produ√ß√£o do fiat marea	0
Keitty Amorim	Lula est√° neste momento curtindo no triplex, otario!	0
Keitty Amorim	O p√£o do Lula sempre cai com o lado da manteiga pro ch√£o.	0
Keitty Amorim	Lula de verde e amarelo na manifesta√ß√£o (incluir meme da Dilma aqui rs)	0
Rafael Lima	Lula perdeu o dedo de prop√≥sito pra garantir a aposentadoria	0
Rafael Lima	Lula assiste fala que eu te escuto	0
Keitty Amorim	Rafael Lima ouvi muito isso, meo üòÇüòÇüòÇüòÇ	0
Keitty Amorim	Lula sempre responde que ‚Äún√£o‚Äù quando a caixa do mercado pergunta se quer cpf na nota.	0
Daniel Alves	Lula vende produtos Jequiti	0
Rafael Lima	Lula gosta do Chimbinha	0
Rafael Lima	Lula gosta do Galv√£o Bueno	0
Keitty Amorim	Lula se empolga nos encontros de amigos e beija geral na boca. Muito safado	0
Daniel Alves	Lula tira foto do prato no restaurante pra postar no insta	0
Rafael Lima	Lula assiste encontro com F√°tima Bernardes	0
Rafael Lima	Lula articulou o fim da Tv Globinho	0
Rafael Lima	Lula usa crocs	0
Rodrigo Sodr√©	Rafael Lima crocs branco com broche de bichinhos	0
Keitty Amorim	Lula zoa os amigos e diz ‚ÄúR√°, pegadinha do malandro‚Äù	0
Rafael Lima	Lula vai na academia pra beijar os b√≠ceps na frente do espelho	0
Fanny Bed√™ De Andrade	Lula contou o final de Vingadores: Ultimato na fila do cinema.	0
Rafael Lima	Lula come s√≥ o recheio da bolacha	0
Fanny Bed√™ De Andrade	Rafael Lima O Lula que ajudou a lua a trair a Joelma	0
Alex Porto	Lula lambe o recheio da bolacha/biscoito e coloca de volta no pacote	0
Tiago de Paula	LULA bebe √°gua ardente, e sua laia fala que √© √°gua benta	0
Daniel Alves	Lula diz que n√£o tem bandido de estima√ß√£o, mas √© s√≥ um jornalista denunciar o pol√≠tico em que ele votou com PROVAS, que ele vai correndo fazer text√£o pra defender o macho na Internet.	0
Daniel Alves	Ah n√£o, esse da√≠ √© o Tiago de Paula, confundi aqui	0
Marina Mancinelli	Lula dirige um Gol quadrado 1.6 com adesivo "quem gosta de motorzinho √© dentista".	0
Marina Mancinelli	Lula escuta funk sem fone de ouvido no bus√£o.	0
Marina Mancinelli	Lula vai no outlet e ainda chora por desconto.	0
Marina Mancinelli	Lula fica dando bomba na piscina s√≥ pra molhar as cremosa tomando sol.	0
Marina Mancinelli	Lula vai em Pool Party e dan√ßa eletr√¥nico com o Sundown na sunga.	0
Marina Mancinelli	Lula tem um sistema de som no carro que vale mais que o carro em si.	0
Marina Mancinelli	Lula tem um Ford Ka financiado e acha que taxa√ß√£o de grandes fortunas vai afetar ele.	0
Marina Mancinelli	Lula come macarr√£o com garfo e faca.	0
Marina Mancinelli	Lula guarda papel de presente embaixo do colch√£o.	0
Marina Mancinelli	Lula embrulha os controles remotos em filme pl√°stico.	0
Marina Mancinelli	Lula finge que n√£o t√° em casa quando os lixeiros passam pedindo caixinha de fim de ano.	0
Marina Mancinelli	Lula tem uma faca de cortar coc√¥ no banheiro.	0
Cec√≠lia Petri	Lula treina na Bodytech e passa o Reveillon em Jurer√™ Internacional	0
Cec√≠lia Petri	Lula quer mudar pra Floripa porque l√° tem s√≥ gente bonita	0
Cec√≠lia Petri	Lula faz botox capilar	0
Cec√≠lia Petri	Lula botou lentes dentais pra ficar mais parecido com o Ken	0
Cec√≠lia Petri	Lula briga na justi√ßa porque o seguro n√£o quer pagar a pr√≥tese peniana	0
Will Je Suis Teixeira	Lula tem um kit de facas Ginsu	0
Marina Mancinelli	Lula dirige usando ambervision.	0
Will Je Suis Teixeira	Lula usa Kichute	0
Marina Mancinelli	Lula esperava ficar rico com o Papa Tudo da Xuxa.	0
Will Je Suis Teixeira	Lula n√£o pede Nota Fiscal Paulista porque sabe toda a teoria conspirat√≥ria por tr√°s (coment√°rio editado por conter informa√ß√µes sigilosas)	0
Rafael Lima	Lula ganhou um PlayStation do Yudi	0
Rafael Lima	Lula ganhou um jogo da vida tamb√©m	0
Cec√≠lia Petri	Lula canta at√© hoje as m√∫sicas do Gabriel Pensador, puta g√™nio meo	0
Cec√≠lia Petri	Ali√°s o Lula acha o Mamonas o maior fen√¥meno da hist√≥ria da m√∫sica brasileira	0
Cec√≠lia Petri	Nossa m√∫sica de rol√™ era "tem cheiro de gasulin√£n i√≥lio d√≠iiz√©√©l to√£da pla-ta-foarmaha toada plahatafoarmah voc√™ n√£o v√™ a t√¥rriiiiiii iiiiaalll huooououooohow	0
Rodrigo Sodr√©	Lula treina tronco e n√£o malha perna	0
Will Je Suis Teixeira	Lula era parceiro de skate do Chor√£o	0
Will Je Suis Teixeira	E manda umas rimas iradas com o Mano Brown	0
Alex Porto	Lula assoa o nariz no banheiro e vai embora deixando aquelas gigantescas placas tect√¥nicas lentamente se movendo em dire√ß√£o ao ralo	0
Rafael Lima	Lula pega no controle do videogame com a m√£o engordurada	0
Cec√≠lia Petri	O Lula deixa a cafeteira ligada e chega 10h fica um churrasco de caf√©	0
Cec√≠lia Petri	Lula foi pra praia do Rosa e voltou fazendo sotaque de ga√∫cho e achando q √© Catarina	0
Cec√≠lia Petri	Lula foi uma vez pra Blumenau e voltou falando tudo na 2a pessoa que √© mais chique	0
Cec√≠lia Petri	O Lula posta story no insta chegando na praia √†s 5h30 da manh√£ e fala "hoje tem altasss! Bor√°aa! Wuhuuulll!"	0
Cec√≠lia Petri	Quando ele sai da √°gua ele faz um post escrito "S√≥ agradecer üôè Obrigado Senhor"	0
Cec√≠lia Petri	Lula posta semi nude no espelho do vesti√°rio da academia no insta com um salmo filipenses em baixo	0
Cec√≠lia Petri	Lula faz story fazendo biquinho de espaguete	0
Cec√≠lia Petri	Lula n√£o toma um chopp sem fazer um boomerang antes	0
Fanny Bed√™ De Andrade	Rodrigo Sodr√©	0
Alex Porto	Lula tem um Instagram que √© uma sequ√™ncia de 260 fotos no espelho da academia com a mesma legenda: "t√° pago"	0
Alex Porto	Lula sai do banheiro e s√≥ molha as pontinhas dos dedos pra disfar√ßar que n√£o levou a m√£o.	0
Alex Porto	Lula faz piada da chave e da fechadura qdo encontra uma mulher comentando sobre sexo	0
Alex Porto	Lula se acha bonzƒÅo pq diz que "ajuda" a esposa nos trabalhos dom√©sticos	0
Alex Porto	Lula terminou com uma namorada pq ela ganhava mais que ele	0
Tiago de Paula	https://www.facebook.com/darc.../videos/1129542087248959/...	0
